specification,n_utterances,n_opposition,OR,OR_lo95,OR_hi95,p,tost_p_OR,AME_pp,AME_lo95_pp,AME_hi95_pp,MDE80_pp,tost_p_pp2,tost_p_pp5
"Primary: any event, window 3",36738,13032,1.0083582858706424,0.8207115735927755,1.2389083636689322,0.9368503123348605,0.18032150652189333,0.12969549998119378,-3.082650628385574,3.3420416283479617,4.591748368685824,0.1269063003098881,0.0014815417499735107
"Chair rulings only, window 3",36738,13032,1.0101379710496106,0.8642785314244955,1.180613290109666,0.8991194105398861,0.11804101651419552,0.030539555090053225,-0.44291590199734526,0.5039950121774518,0.6767602978797836,1.7753630562284752e-16,2.4413239550873337e-94
"Interruptions only, window 3",36738,13032,0.9944134303351623,0.8009150040163756,1.2346604389630416,0.9595322265171139,0.18553525731745257,-0.08153122566784833,-3.2284777129982936,3.065415261662597,4.498265698064072,0.11607277750652689,0.0010945750862038084
"Any event, next utterance only",36738,13032,0.6649218915071117,0.5117370116647634,0.8639615891121565,0.002254768403623907,0.9884968600763161,-3.7271369785326893,-5.904314708188774,-1.5499592488766047,3.1120719527102043,0.9400058995976343,0.1259241845976129
"Chair rulings only, next utterance only",36738,13032,0.8128775701721568,0.5753774650602934,1.1484112329977123,0.23996128176174458,0.720107025128174,-0.16937339037551893,-0.43325714395459136,0.09451036320355355,0.3771971470694065,1.0378668681399988e-58,0.0
Backbench members only,16456,12990,0.9560418213392553,0.6439552496181039,1.4193780774234477,0.8235669647860805,0.3841336862898037,-0.7097921687101892,-6.984687336977255,5.565102999556876,8.969375808581976,0.3434753942931905,0.09011507432367538
"Backbench only, chair rulings only",16456,12990,0.7167152198797431,0.5378685534557478,0.9550301892663644,0.022958876243688784,0.940807536810867,-1.0902735412205549,-2.1209412847426607,-0.05960579769844904,1.473243150289311,0.04181722662446585,5.229150445984487e-14
Excluding RPO members,36449,12743,1.0229167294298842,0.831666661341764,1.2581466637840153,0.8301139693218795,0.21956677433544075,0.3547880504877173,-2.89717163795082,3.606747738926254,4.648372248108763,0.16070287700602776,0.0025576604606765536
Excluding Duval chair,36489,12937,1.004161885223794,0.8182942176729494,1.2322476072282489,0.9682771466040847,0.16864745259464797,0.06474496627886527,-3.1280529146399956,3.257542847197726,4.5638059771306425,0.11741755106813906,0.0012243616087831077
Excluding low-confidence topic labels,22558,8023,1.0349775779446817,0.8469948309069535,1.2646813743848146,0.7367387972485346,0.24689700747481214,0.5269274510262706,-2.562377306973744,3.616232209026285,4.41587223669825,0.17500517349309358,0.002270747390623887
No length (exposure) control,36738,13032,1.0111041952455466,0.8289826912295813,1.2332364770207442,0.913216132744022,0.17854056926076384,0.17210674289561673,-2.9290162475327897,3.2732297333240234,4.43276529470175,0.12399187947583079,0.001139214605494761
Sitting fixed effects (within-sitting),36738,13032,0.9403625098486388,0.7768981263749473,1.1382208553584006,0.5279567182439473,0.3299623256142096,,,,,,
SEs clustered by sitting only,36738,13032,1.0083582858706424,0.9349495745740676,1.0875307720709906,0.8291194407740455,0.0063828049932616125,0.12969549998119378,-1.0486094067022553,1.308000406664643,1.684276667853674,0.0009322133531777213,2.7221679132939224e-16
SEs clustered by speaker only,36738,13032,1.0083582858706424,0.8162330288100187,1.2457060628462278,0.9384817465837223,0.18660499284156284,0.12969549998119378,-3.167875179012656,3.4272661789750436,4.713568893522246,0.1331453101084601,0.0018973421148153482
Sixth Assembly: any event,19058,7562,0.961740242617733,0.7868441201008834,1.1755114776123974,0.7032483458582592,0.26169425276534297,-0.6886870455577435,-4.219370187243208,2.8419960961277213,5.046781358029851,0.23332509925554934,0.008348570846168135
Sixth Assembly: chair rulings only,19058,7562,0.8890392110632201,0.746173063583671,1.0592592488019823,0.188217676162157,0.558941261465876,-0.24836581031682053,-0.6168409113827895,0.12010929074914839,0.5267006968147706,2.9013464978776705e-33,8.366128746388138e-172
Sixth Assembly: interruptions only,19058,7562,0.9682491016790203,0.7858811390886605,1.1929365348930503,0.761857805759936,0.24916810853343807,-0.5544689225881787,-4.130110440285113,3.021172595108756,5.111045151986075,0.2140759246802857,0.007409179414166189
Seventh Assembly: any event,14490,4961,1.0329642202960274,0.7767060393054908,1.3737695169280202,0.8235803708996837,0.3105007125698319,0.4254975455492482,-3.333776999087075,4.184772090185572,5.373531390452064,0.2058531588505278,0.008539620764223843
Seventh Assembly: chair rulings only,14490,4961,1.0993919365312876,0.8722548102425374,1.3856760844619895,0.4222701262399611,0.4675917982178158,0.44362515700531246,-0.6716331651509385,1.5588834791615636,1.5941574714515228,0.003117254453691886,5.8574730299641685e-16
Seventh Assembly: interruptions only,14490,4961,0.9665552777317952,0.7014141154594667,1.3319223042712987,0.8352811924225506,0.33360351571435276,-0.38392058164889276,-3.9866268877428226,3.2187857244450364,5.149731735873568,0.18964957676653027,0.0060149716053725655
Eighth Assembly: any event,3190,509,1.5908614445268825,0.9580446557737258,2.6416724110195355,0.07276263595402335,0.9178857203439743,6.439078853159991,-1.2346308062263598,14.112788512546343,10.968850305110367,0.8715603005931881,0.6433990358296644
Eighth Assembly: chair rulings only,3190,509,0.4092896217864068,0.15318613105950882,1.0935584921652182,0.07481494095101657,0.9421948856658708,-0.6192705839345711,-1.1117333885836709,-0.12680777928547118,0.7039295236331307,1.951376948916561e-08,4.385968196811094e-111
Eighth Assembly: interruptions only,3190,509,1.6792367389184244,0.9956441518324475,2.8321725388971326,0.05194426484714111,0.9397024989146954,6.8932502543400025,-0.7239692229871086,14.510469731667113,10.888102872874864,0.8959970424727193,0.6869227656527725
