topic,n_gov,n_opp,rate_gov,rate_opp,OR,OR_lo95,OR_hi95,p,p_bonferroni,q_bh
"Road construction, traffic and bridges",1014,474,0.14595660749506903,0.21308016877637131,1.4678325515498771,1.1160275949384022,1.9305368515626529,0.006047894872487594,0.2902989538794045,0.2902989538794045
"Vaccination, COVID-19 and public health",783,301,0.227330779054917,0.16611295681063123,0.6588935856058303,0.44029016711348995,0.9860332789140005,0.0425248146425848,1.0,0.6572316005443882
Domestic and gender-based violence,116,54,0.10344827586206896,0.2222222222222222,2.509446897114623,0.9609697822067784,6.553092351121579,0.060289376547468694,1.0,0.6572316005443882
"Sugar, agriculture and food production",515,265,0.16893203883495145,0.12075471698113208,0.6429988647995029,0.40072505687006,1.0317486591998035,0.06718770357683901,1.0,0.6572316005443882
"Pensions, retirement and social-security benefits",412,210,0.19174757281553398,0.3047619047619048,1.8313713562673792,0.9521459696283723,3.522486206464407,0.06982738266223425,1.0,0.6572316005443882
Police investigations and criminal cases,1129,607,0.21966341895482727,0.2800658978583196,1.2637576948110822,0.9596362086412984,1.6642593274543613,0.09558830291535429,1.0,0.6572316005443882
"CSR, NGOs and social-development funding",433,249,0.16628175519630484,0.13253012048192772,0.7156308594140507,0.47723336636301605,1.073117604597944,0.10553559423970572,1.0,0.6572316005443882
"Beaches, coastal management and erosion",167,99,0.10778443113772455,0.18181818181818182,1.7227883748987731,0.8037217206863035,3.6928201743160054,0.16202999957524078,1.0,0.6572316005443882
"CCTV, surveillance and security technology",245,151,0.1346938775510204,0.2119205298013245,1.5335951103027379,0.8260576728597449,2.8471546716615204,0.17553930926879424,1.0,0.6572316005443882
"Public finance, banking and funds",908,765,0.2753303964757709,0.23398692810457516,0.7900920009808381,0.5584094289826034,1.11789904971922,0.1833348379376889,1.0,0.6572316005443882
"Drug control, trafficking and treatment",682,365,0.2595307917888563,0.2356164383561644,0.8118463210290723,0.5957278001287107,1.106368460270006,0.18687035853851264,1.0,0.6572316005443882
"State land, leases and land administration",699,396,0.17882689556509299,0.1590909090909091,0.8014328613577516,0.5679279190739477,1.1309439273761825,0.20778084859424728,1.0,0.6572316005443882
Cancer statistics and annual trends,237,82,0.23628691983122363,0.3170731707317073,1.5566008527306476,0.7748558545078126,3.1270412433818024,0.21376351499679747,1.0,0.6572316005443882
"Sports grounds, stadiums and facilities",159,103,0.11949685534591195,0.18446601941747573,1.5563700296492438,0.7587326543850127,3.1925443767195736,0.22752939731364108,1.0,0.6572316005443882
Electric and motor vehicles with financial figures,200,106,0.31,0.3584905660377358,1.3518638483986085,0.8281103684979387,2.2068747526032757,0.22793865527937696,1.0,0.6572316005443882
"Child protection, family welfare and shelters",463,284,0.12526997840172785,0.18661971830985916,1.5244262339104877,0.7483654937958953,3.1052678963687126,0.2454557195795507,1.0,0.6572316005443882
"Police, prisons and home-affairs administration",224,234,0.15178571428571427,0.21794871794871795,1.3687630555657795,0.7958674045683765,2.35405080234167,0.2565174515412503,1.0,0.6572316005443882
Fire and rescue services,174,79,0.1724137931034483,0.11392405063291139,0.6023958868701269,0.2503724601676729,1.449363896792114,0.25785842244744916,1.0,0.6572316005443882
"Petroleum prices, duties and imports",408,189,0.2426470588235294,0.2857142857142857,1.254111125545306,0.8400128989607322,1.8723459094049422,0.26814085015043787,1.0,0.6572316005443882
Rodrigues regional governance and development,236,183,0.19491525423728814,0.2568306010928962,1.3188530219163777,0.8033527987086021,2.16514250801643,0.27384650022682844,1.0,0.6572316005443882
"SMEs, entrepreneurship and business support",227,120,0.15859030837004406,0.21666666666666667,1.4501894045392711,0.7069944322353996,2.9746334810423773,0.31056777084888576,1.0,0.7098691905117389
"Solid waste, landfill and plastics management",170,86,0.12352941176470589,0.09302325581395349,0.7004803092063806,0.32677634134098116,1.501555043955476,0.3601592379004531,1.0,0.7809484099091304
Metro Express and light-rail transport,275,129,0.3090909090909091,0.2713178294573643,0.803110647838407,0.4924811628486526,1.3096677829069385,0.37952961284398146,1.0,0.7809484099091304
"MBC broadcasting, news and media governance",121,61,0.24793388429752067,0.3114754098360656,1.2904682754798125,0.7210841556044847,2.309450786120537,0.3904742049545652,1.0,0.7809484099091304
"Banking, financial sector and public funds",429,320,0.23076923076923078,0.203125,0.8374446533333487,0.5452154239646237,1.2863054062133745,0.417850829029621,1.0,0.7993808257928064
"Courts, prosecutions and legal cases",786,306,0.2913486005089059,0.33986928104575165,1.22739919068895,0.7162298495971953,2.103387305277969,0.4559393770653247,1.0,0.7993808257928064
"Tourism, hotels and visitor economy",326,154,0.1687116564417178,0.14285714285714285,0.7920270218524909,0.41726922851667136,1.5033622430642832,0.4757986240606936,1.0,0.7993808257928064
"Electricity, energy and renewable power",637,451,0.21978021978021978,0.19955654101995565,0.8763778454841459,0.5978090552372439,1.2847549252171049,0.49896545843907436,1.0,0.7993808257928064
"Arts, culture, artists and copyright",173,121,0.08670520231213873,0.0743801652892562,0.7790364034189111,0.3575542899617793,1.6973582331140442,0.5297262191934389,1.0,0.7993808257928064
"Disability services, training and employment",183,131,0.15846994535519127,0.1450381679389313,0.8434016069435226,0.4836147812880006,1.470853038652906,0.5483711795323604,1.0,0.7993808257928064
"Air Mauritius, airports and aviation",381,232,0.2230971128608924,0.24568965517241378,1.0964534237874262,0.8110628835281324,1.4822649821004534,0.5494333302573442,1.0,0.7993808257928064
Social housing and NHDC housing units,380,254,0.22631578947368422,0.21653543307086615,0.8832594888582314,0.5872572141771859,1.3284593289350721,0.5511072544209039,1.0,0.7993808257928064
Budget and economic-policy debate (French/mixed),1271,585,0.4429583005507474,0.4341880341880342,0.9217244482038213,0.6997384597459996,1.2141335760292915,0.5620575110092236,1.0,0.7993808257928064
Primary and secondary education,1063,596,0.07902163687676388,0.09395973154362416,1.1495979695562335,0.7139516071568739,1.8510715269213336,0.5662280849365713,1.0,0.7993808257928064
Hajj pilgrimage and Saudi Arabia,229,166,0.25327510917030566,0.24096385542168675,0.8830514748745575,0.5324520105535608,1.4645073956382235,0.629911420019051,1.0,0.8487689347672726
"Foreign affairs, Chagos and international relations",1272,531,0.2806603773584906,0.2824858757062147,0.9188079158949479,0.6466588080275923,1.3054921325299509,0.6365767010754544,1.0,0.8487689347672726
"Motor vehicles, imports and NLTA regulation",183,121,0.15846994535519127,0.18181818181818182,1.1288110569944352,0.6182851073191774,2.060884836637519,0.6932100773272729,1.0,0.8501694987918456
"Healthcare services, hospitals and medical workforce",1521,810,0.15384615384615385,0.15308641975308643,0.9352748347016004,0.666687130940323,1.3120682488536086,0.6984421248576498,1.0,0.8501694987918456
"Water supply, drainage and sewerage infrastructure",1249,647,0.17373899119295436,0.17619783616692428,0.9366865893307132,0.6712408636584601,1.3071042216500577,0.7004498042997165,1.0,0.8501694987918456
"Gambling, horse racing and betting regulation",153,104,0.20261437908496732,0.22115384615384615,1.1170193622108333,0.6253638844890327,1.9952099673510633,0.708474582326538,1.0,0.8501694987918456
Tertiary education and university training,426,164,0.12441314553990611,0.1402439024390244,1.108169934470071,0.6148103417931813,1.9974299717887758,0.732583358522152,1.0,0.8523844553212131
"Sport, football and athlete development",808,464,0.14232673267326731,0.16379310344827586,1.0787526937353566,0.682104486329333,1.7060544206411044,0.7458363984060614,1.0,0.8523844553212131
"Road safety, driving and traffic accidents",265,139,0.2,0.2014388489208633,0.9281810046103761,0.5447402792353034,1.5815242789259376,0.7840070725603907,1.0,0.8751706856488082
Port Louis local affairs and governance,149,52,0.21476510067114093,0.21153846153846154,0.9394314448721539,0.3744751995534655,2.3567153196444988,0.8940792390941081,1.0,0.9753591699208453
"Bus services, routes and public transport",335,152,0.16716417910447762,0.17105263157894737,1.0212431579281582,0.5526092252985773,1.8872967367701345,0.9465124974677029,1.0,0.9833645145048157
"Public buildings, construction and renovation",654,436,0.11926605504587157,0.12385321100917432,0.9904221395226137,0.6869973729966842,1.4278599205957754,0.9588748263062088,1.0,0.9833645145048157
"Livestock, veterinary services and animal welfare",249,184,0.10843373493975904,0.11413043478260869,0.9853804657310868,0.4641571988475088,2.091909087385309,0.9694136853312258,1.0,0.9833645145048157
"Fisheries, marine resources and vessels",548,293,0.1843065693430657,0.1945392491467577,1.0054503557501948,0.6032045531053688,1.675933002617111,0.9833645145048157,1.0,0.9833645145048157
