specification,n,n_opp,n_transferred,n_askers,n_sittings,OR,OR_lo95,OR_hi95,p,AME_pp,AME_lo95_pp,AME_hi95_pp,MDE80_pp,tost_p
"Unadjusted, all PQs (original Eq. 2 population)",11240,8240,363,158,192,1.5156049533233806,0.9681253306810117,2.372686987667743,0.06901677606406266,1.1770226537218351,0.03973828077298309,2.3143070266706873,1.6256416511613032,0.6198458177522143
"Unadjusted, withdrawn PQs excluded",8781,6681,363,143,192,1.3060916760533405,0.8648939627457687,1.9723521492047436,0.2041632628328418,0.9896508221588739,-0.44004876874580173,2.4193504130635493,2.0436218582662646,0.4943401536112125
"Primary: adjusted (term + section + addressee FE), withdrawn excluded",8781,6681,363,143,192,1.3133168848160912,0.8891029444981615,1.9399342344058663,0.17087479931789618,0.9810979787424651,-0.3536396342902799,2.31583559177521,1.9078825918372417,0.48892828892900764
"Adjusted, all PQs incl. withdrawn",11240,8240,363,158,192,1.6386651211147527,1.0316603679820417,2.6028172279317108,0.036439209122515304,1.3529592320380932,0.2142853132492144,2.4916331508269716,1.6276278769879082,0.7282529486626135
"Adjusted, substantive transfers only (acting-minister cover excluded)",8781,6681,354,143,192,1.3828845633995508,0.9284139423543603,2.0598244257719753,0.11080307158358599,1.128747363304735,-0.17579394819928953,2.4332886748087597,1.8647198027901777,0.5766897199531832
"Adjusted, excluding the 5 most frequent Opposition askers",6475,4426,285,138,192,1.410772792691821,0.9581901891036274,2.07712403574217,0.08123265744354688,1.316420106143909,-0.07040328117586622,2.703243493463684,1.9823343350669806,0.6726306590165785
"Adjusted, oral questions only",4635,3290,109,117,192,1.9006779215108154,0.9693789350646811,3.726691833960294,0.06156235308823163,1.275927033566959,0.08653975911420558,2.4653143080197126,1.7001178761458053,0.6753352377063561
"Adjusted, written questions only",4146,3391,254,119,189,1.1408034294820588,0.7937469277864332,1.639606301655119,0.47658009708272453,0.7046525587795714,-1.1980582504503472,2.6073633680094903,2.719747158381199,0.3804746060734044
"Adjusted, Sixth Assembly only",4347,3340,169,68,92,1.1709881202138723,0.7258948717734331,1.888996920906754,0.5176560910161527,0.5460863680591349,-1.062222167158965,2.154394903277235,2.298926640475657,0.2900764117874541
"Adjusted, Seventh Assembly only",3690,3228,166,51,80,2.4796912449843376,0.934417531193778,6.580429481664799,0.06819109707023575,2.783042700841366,0.6365070507159728,4.929578350966758,3.0682719656989264,0.9482444437489641
"Adjusted, Eighth Assembly only",744,113,28,42,20,0.35944921083408315,0.1184421429388476,1.090859486018873,0.0708518388085571,-2.562411936315165,-5.099054860504763,-0.025769012125565968,3.625893830752278,0.8863251506179634
