specification,n_cells,n_present,beta_per_sd,lo95,hi95,p_two_sided,p_one_sided_negative,pct_of_mean,pct_lo95,pct_hi95,tost_p
"Primary: any event, topic + sitting FE",20050,10970,2.491267169805086e-05,-0.00024478451869787,0.00029460986209397166,0.8563304751590584,0.5718347624204708,0.35871952014645947,-3.5246715467073746,4.242110587000293,5.694112477462188e-07
Chair rulings only,20050,10970,0.00022345330523137937,-5.745700133727693e-05,0.0005043636118000356,0.11897846628191118,0.9405107668590444,3.217521725460387,-0.8273278835194156,7.262371334440188,0.0005071972337298469
Topic FE only (no sitting FE),20050,10970,-1.6475614317328856e-05,-0.0003969958513207011,0.0003640446226860434,0.9323713064309511,0.46618565321547556,-0.23723366701343182,-5.7163745025805115,5.241907168553648,0.00023946181922573917
Pandemic period excluded (Mar 2020 - Dec 2021),16400,9062,-2.1197980666112156e-05,-0.0003411107379489544,0.00029871477661673007,0.8966687632267435,0.44833438161337175,-0.30523139167031277,-4.911680357567878,4.301217574227253,1.8540316744086738e-05
Consecutive sittings only (gap <= 14 days),18450,10461,-3.529131593214706e-05,-0.0002769477619796978,0.00020636513011540372,0.7747007519859892,0.3873503759929946,-0.5081624351637635,-3.98779261763265,2.9714677473051236,4.4848663560692614e-08
Term-boundary transitions excluded,19950,10906,-1.4809310954834818e-05,-0.0002675517070971876,0.00023793308518751797,0.9085694992467603,0.45428474962338017,-0.21324043377626523,-3.8524980840083187,3.4260172164557887,6.792567663893578e-08
Two lags of attention,20000,10969,3.950808204309935e-06,-0.0002501756380933461,0.00025807725450196595,0.9756915629925486,0.5121542185037257,0.05688799822106748,-3.6022986991074433,3.716074695549578,5.0251445019326404e-08
Present-only cells (topic raised at t),10970,10970,-2.395094799619195e-05,-0.00027357732044874306,0.0002256754244563592,0.850835081487531,0.4254175407437655,-0.34487158488581476,-3.9392613648099997,3.249518195038371,7.017520875507444e-08
Sixth Assembly only,9350,5291,-6.505862670457851e-06,-0.0003976637274387478,0.00038465200209783203,0.9739945685365645,0.48699728426828226,-0.09367842853514567,-5.725991303359118,5.538634446288826,0.0002831541430563522
Seventh Assembly only,8600,4576,9.89089334893189e-05,-0.0003949743840231078,0.0005927922510017456,0.6946757305513523,0.6526621347243238,1.4241975164093907,-5.68726723589417,8.535662268712953,0.009050524243425985
Eighth Assembly only,2100,1103,0.0007005218348573542,-0.00036958995433246595,0.0017706336240471744,0.1994776250200917,0.9002611874899542,10.086869023839308,-5.321754835289982,25.4954928829686,0.5044080895335796
"Distributed lag: sum of conflict at t, t-1, t-2",19950,10935,5.741443331173548e-05,-0.0003300427294335811,0.0004448715960570521,0.7714852469077417,0.6142573765461292,0.8267149431699866,-4.7523112320187195,6.405741118358693,0.0006350295303893385
"Fractional logit (topic FE), AME",20050,10970,-4.8112329115350474e-05,-0.0003607583607537802,0.0002645337025230792,0.7629463048074956,0.3814731524037478,-0.692773212868107,-5.19458802439661,3.8090415986603956,2.5379365018785016e-05
