topic,conflict_sittings,beta_per_sd,lo95,hi95,pct_of_mean,p_hac,p_one_sided_negative,granger_p_levels,granger_p_differenced,orig_measure_beta,orig_measure_pct_of_mean,orig_measure_p,bonferroni_hac,bonferroni_granger_levels,bonferroni_granger_differenced
"Road construction, traffic and bridges",147,-0.0025670355953196088,-0.0038646647808737835,-0.0012694064097654339,-18.048638736391474,0.00010559128324991513,5.279564162495756e-05,0.006962110260670061,0.02579265025968029,-0.007693943063059213,-54.09554859960232,2.240668664910783e-05,True,False,False
"Employment, workers and jobseekers",79,-0.001052505910572556,-0.0017701409180595588,-0.0003348709030855532,-37.63812100045693,0.004045432262938896,0.002022716131469448,0.2659812066714694,0.5830061911263659,-0.0013375405417523573,-47.8310974292828,0.0341750280127573,False,False,False
"Sports grounds, stadiums and facilities",51,-0.0005952878319172537,-0.0010606467363434844,-0.00012992892749102308,-19.838784259151062,0.012167977047768728,0.006083988523884364,0.1735211401951183,0.3727510950945096,-0.0013262357528438643,-44.19862722996072,0.03031811754793092,False,False,False
"Public buildings, construction and renovation",82,0.0019441652460533594,0.00041884518941021315,0.0034694853026965055,36.65649468975402,0.012482359599719503,0.9937588202001403,0.005240137992617361,0.657489821208896,0.0045359116359865725,85.52288501981164,0.03635384306829429,False,False,False
"Police, prisons and home-affairs administration",101,-0.0012849114357346043,-0.002401836685826969,-0.00016798618564223982,-17.870534621530496,0.02414682084532642,0.01207341042266321,0.06674868260394885,0.14633718101448748,-0.003815814050802824,-53.070301351321326,0.0183339009712262,False,False,False
"Bus services, routes and public transport",63,-0.000683127783375406,-0.0012770579692036154,-8.919759754719646e-05,-15.007923158312634,0.024173741037007253,0.012086870518503627,0.25732964932275015,0.32841080551239515,-0.00238114075984898,-52.31228830478017,0.013542747563032283,False,False,False
"Child protection, family welfare and shelters",102,-0.0012718397073934505,-0.0024387720028793865,-0.00010490741190751483,-17.379189285583447,0.0326627623944615,0.01633138119723075,0.40826042028893256,0.6553618993809297,-0.001795634603597153,-24.536640491917403,0.17813497873987327,False,False,False
"Healthcare services, hospitals and medical workforce",159,-0.0028536850736944406,-0.0055581867772805105,-0.00014918337010837081,-15.525612150601832,0.0386291339184736,0.0193145669592368,0.2603648515483906,0.8088968206966325,-0.004275234897762468,-23.259622965139123,0.24907971891970637,False,False,False
Tertiary education and university training,74,-0.0005117502480266889,-0.001048197616720238,2.469712066686025e-05,-12.909828354420085,0.06151646598787897,0.030758232993939486,0.27145447028588054,0.510476431428275,-0.0011534589983934302,-29.09809568347078,0.0928090337679234,False,False,False
"Sugar, agriculture and food production",102,-0.0011840183747428915,-0.002469397191919673,0.0001013604424338903,-16.87172249429952,0.07100565186597177,0.035502825932985885,0.13261259669196496,0.021738278820904906,-0.0030523783413157453,-43.495000939890346,0.04471625806250792,False,False,False
"Solid waste, landfill and plastics management",33,-0.0004094723338221359,-0.0008584964046906441,3.955173704637226e-05,-21.25565871074515,0.07388000176067475,0.03694000088033737,0.20609824008019892,0.42176742276974577,-0.0012643270523872868,-65.63106247852139,0.09450048202810804,False,False,False
Fire and rescue services,29,0.0010595754206058424,-0.0001531989749918568,0.0022723498162035413,56.38062645542586,0.0868210127238457,0.9565894936380771,0.10506395399767443,0.5769758252760798,0.002705721914117124,143.97304199909854,0.12581729712157566,False,False,False
Domestic and gender-based violence,31,-0.00033041137538749514,-0.0007171074964304597,5.628474565546942e-05,-22.690055013141837,0.09398990842667188,0.04699495421333594,0.43641450517803776,0.39659196976139566,-0.0007031104814271985,-48.284098830404744,0.11896284768114208,False,False,False
"Sport, football and athlete development",122,-0.0012773610038963041,-0.002937869632194316,0.00038314762440170755,-11.817893696594945,0.13161918895681088,0.06580959447840544,0.4421882272672166,0.04995799669539283,-0.0021549794818210514,-19.937447876381135,0.3412804737936209,False,False,False
Primary and secondary education,102,-0.0011479147574253,-0.0027246915229017627,0.0004288620080511625,-10.394135470043667,0.15360686369261767,0.07680343184630883,0.642630551511217,0.9430441110258344,-0.0012046280452513382,-10.907662796704747,0.5833550288995104,False,False,False
"Gambling, horse racing and betting regulation",41,-0.0005239683329648288,-0.0012789992274064629,0.00023106256147680524,-21.451272541126922,0.17377296549583698,0.08688648274791849,0.47653123895517047,0.8151854493559851,-0.0009812748283452631,-40.17340830785422,0.2777139417594713,False,False,False
"Beaches, coastal management and erosion",48,-0.00028568440600251635,-0.0007292583953495276,0.00015788958334449487,-12.368307841801625,0.20682626965629802,0.10341313482814901,0.5720965107889857,0.18473419944034683,-0.0004966326640090666,-21.501018409468475,0.40624172236614686,False,False,False
Cooperatives and SME discourse with member exchanges,56,0.0003113382905094479,-0.0002076288884060433,0.0008303054694249392,31.085345195488266,0.23965829379252723,0.8801708531037364,0.04405533253900442,0.33137292390457396,0.0010817696025719771,108.00849925305158,0.05251080916496127,False,False,False
"Drug control, trafficking and treatment",136,-0.0009303708125307762,-0.0025910846744195927,0.0007303430493580403,-9.407864360984941,0.272187931894888,0.136093965947444,0.17402856237823733,0.1601563104110733,-0.00348420686881234,-35.23213022798288,0.1810374470466003,False,False,False
"Air Mauritius, airports and aviation",96,0.000706517124826218,-0.0006486883342682202,0.002061722583920656,12.634921824793139,0.3068669670344558,0.846566516482772,0.4299762267226287,0.6455103575172025,0.001636913922541992,29.27357132400829,0.4175105767253283,False,False,False
"CSR, NGOs and social-development funding",90,-0.000457116700764115,-0.0013691693484852317,0.00045493594695700164,-9.957809739261142,0.32593078956402344,0.16296539478201172,0.827850597676064,0.4084764530605672,-0.00036891381300447387,-8.036401982126618,0.7499130458963941,False,False,False
Cancer statistics and annual trends,107,-0.0010075727090877828,-0.0030192257359095767,0.001004080317734011,-21.347297969864556,0.326246995818398,0.163123497909199,0.9144674187610043,0.7102993922763043,0.00022357186346169704,4.736784892988713,0.9156632528690241,False,False,False
"State land, leases and land administration",137,0.0007885034764775914,-0.0008882925734879411,0.002465299526443124,9.007470853023294,0.35669631530388546,0.8216518423480572,0.5270143497497484,0.21490371996283789,0.0012612040467402676,14.407366650400354,0.6075767974686994,False,False,False
"Arts, culture, artists and copyright",32,-0.0003365600125259906,-0.0010746290652772464,0.00040150904022526526,-15.299513148384726,0.37144956974736854,0.18572478487368427,0.5397330009368884,0.45313127322700747,-0.000702534839545644,-31.936179625608055,0.5490145710124334,False,False,False
"Courts, prosecutions and legal cases",199,0.0004773797381050588,-0.000577658024850591,0.0015324175010607087,5.422346781011848,0.37515759878638444,0.8124212006068078,0.5281998153353542,0.21672605826429467,0.0009600428814631147,10.904705441832606,0.5037506110596945,False,False,False
"Water supply, drainage and sewerage infrastructure",188,0.001314407073982688,-0.0020034101151432024,0.004632224263108579,7.071202789488681,0.4374622142538187,0.7812688928730906,0.7572164015375626,0.1404000924656354,0.001238715269538439,6.66399857602851,0.7901619360599225,False,False,False
"Public finance, banking and funds",225,0.0006945745748015583,-0.001345083130311024,0.0027342322799141405,5.126813712093666,0.5044857918980588,0.7477571040509706,0.49022702102575594,0.5915563811090035,0.0024927411134455127,18.399491983655338,0.33324610881748895,False,False,False
Budget and economic-policy debate (French/mixed),289,0.0012679762358302187,-0.002474963646813316,0.005010916118473754,4.55338883026325,0.506703761758389,0.7466481191208054,0.2790691568700859,0.09476422221679907,-0.005609259185273076,-20.143230920688882,0.3502755272629896,False,False,False
"Vaccination, COVID-19 and public health",104,0.0020270005173073664,-0.004209301603343045,0.008263302637957777,19.76494220670062,0.5240834241061922,0.7379582879469039,0.07627802530056169,0.27124202505678957,0.007432136151801247,72.46951357852431,0.3922859567914314,False,False,False
Metro Express and light-rail transport,84,0.0003499522003510881,-0.0007840791033208944,0.0014839835040230706,8.475380790022447,0.5452860050175962,0.727356997491202,0.5981073699716589,0.5787052484191393,0.0007393213886690362,17.905389047109576,0.628511454110507,False,False,False
"CCTV, surveillance and security technology",62,-0.00020185037133041826,-0.0008667011750314215,0.00046300043237058495,-7.5296420750735145,0.551802753285058,0.275901376642529,0.9682400314653581,0.7392472413293096,3.458547733466291e-05,1.2901450892021977,0.9703450565726538,False,False,False
Hajj pilgrimage and Saudi Arabia,64,0.0003746438527236499,-0.0008783813222176594,0.0016276690276649593,12.105271262498214,0.557859855441304,0.7210700722793479,0.3159198456794576,0.7813036684949318,0.0015779106331820412,50.98451797296271,0.4713851997368431,False,False,False
"Tourism, hotels and visitor economy",75,-0.00024896706198190903,-0.0011778602378866505,0.0006799261139228323,-5.842527301226718,0.599353813799747,0.2996769068998735,0.6795444288754962,0.4231702044318307,-0.0006098678623813222,-14.311811400829274,0.6414778085906045,False,False,False
Rodrigues regional governance and development,89,-0.00032160338061470425,-0.0015269722510971525,0.0008837654898677441,-5.273575432215497,0.6010119495287043,0.30050597476435215,0.8021253556541735,0.4233120023188815,-0.0004957004346888446,-8.12837734826383,0.7813719069787398,False,False,False
"Motor vehicles, imports and NLTA regulation",41,0.00021550291112500748,-0.0006694163295088083,0.0011004221517588232,9.155402344167705,0.6331374462816963,0.6834312768591518,0.8724873689782251,0.6567400486978464,-0.0004009092461771353,-17.032185008951,0.7736180426287329,False,False,False
"Pensions, retirement and social-security benefits",105,0.00023450676329108642,-0.0008500888547831973,0.00131910238136537,4.172713096062223,0.671724029301356,0.664137985349322,0.7711735708486435,0.8440463453976211,0.0005042739678070952,8.972835409697995,0.7538103464651535,False,False,False
"Fisheries, marine resources and vessels",100,-0.0002351344299382952,-0.0013297085473278156,0.0008594396874512253,-3.2096371251550844,0.6737232073968333,0.33686160369841667,0.5432209754965097,0.7308921409099222,-0.0014570648808450738,-19.889258823334725,0.3307569747275265,False,False,False
"MBC broadcasting, news and media governance",29,0.00017751432587823822,-0.0006669204411995676,0.001021949092956044,10.31556798196383,0.6803212348742986,0.6598393825628507,0.9471398062158707,0.9444417945908079,0.00013766958269013067,8.000142705455477,0.8924863825662516,False,False,False
Social housing and NHDC housing units,94,-0.00020657796922825814,-0.0012418547970760158,0.0008286988586194996,-3.886467189973673,0.6957261390946585,0.34786306954732926,0.7980732637586724,0.8317667163317191,-0.00041952708908646243,-7.892798409873528,0.7852383811609853,False,False,False
Police investigations and criminal cases,197,0.00047633865517835876,-0.002237101999905824,0.0031897793102625416,3.5799666034376196,0.7307908061534238,0.6346045969232881,0.9805346023277802,0.9979218845522385,7.440709320121432e-05,0.5592132946243404,0.9845920225627014,False,False,False
"Livestock, veterinary services and animal welfare",46,-0.00021936879610345373,-0.0014903656175801073,0.0010516280253731998,-6.338513456473775,0.7351462443221427,0.36757312216107135,0.6007881419101212,0.4680270056018488,0.0011953578619739757,34.539059465187435,0.5955921324679494,False,False,False
"Banking, financial sector and public funds",133,0.00021142744067444358,-0.0010448410007101267,0.0014676958820590141,2.989196625142524,0.7415026957891355,0.6292486521054322,0.868162806436314,0.6835231671356352,0.0002853612343092838,4.034485002622099,0.8795505097938884,False,False,False
"SMEs, entrepreneurship and business support",56,-0.00010966799165993709,-0.0010718277525119991,0.0008524917691921249,-4.111934325953157,0.8232219613868526,0.4116109806934263,0.8441914644905937,0.37960534129909707,0.00025959508274672066,9.73335898139582,0.8244216733156747,False,False,False
Port Louis local affairs and governance,190,-8.703787832798696e-05,-0.0011561428287017027,0.0009820670720457286,-0.9955918048566199,0.8732219019764846,0.4366109509882423,0.6775232741620556,0.46081764388695,-0.0006993985645761639,-8.000143071003748,0.6463441443814313,False,False,False
"Disability services, training and employment",45,-4.673190291796587e-05,-0.0008039733192685848,0.000710509513432653,-2.103843041801669,0.9037241738949405,0.45186208694747027,0.9701019480751579,0.4501328776132975,4.336477230049596e-05,1.9522567832057658,0.967606050739477,False,False,False
"Road safety, driving and traffic accidents",72,6.0131821134859155e-05,-0.0012726418134918268,0.0013929054557615449,1.4805021490020134,0.9295342043822767,0.5352328978088616,0.5502625798479033,0.5599837313354763,0.0010731677358414324,26.42240180269217,0.536542208519857,False,False,False
"Petroleum prices, duties and imports",111,-4.255460080061898e-05,-0.0011702269873803512,0.0010851177857791135,-0.6587541877883146,0.9410391313907727,0.47051956569538633,0.9672752083160202,0.4976173447692593,-8.014581266235824e-05,-1.2406740688837168,0.9601616590584574,False,False,False
Electric and motor vehicles with financial figures,100,2.150247045946587e-05,-0.0008834976318184832,0.0009265025727374148,0.7621103780590843,0.9628568344462587,0.5185715827768707,0.45048189492454294,0.024126162970395562,0.0006561853047545453,23.257124413960216,0.6210761312789091,False,False,False
"Electricity, energy and renewable power",128,-4.244294097098986e-05,-0.0019288386335968718,0.001843952751654892,-0.4238042859845907,0.9648254896188965,0.48241274480944824,0.9826386755051643,0.5123336190012713,-7.29117195334498e-05,-0.7280433101443904,0.9767304163762441,False,False,False
"Foreign affairs, Chagos and international relations",277,3.754128296828136e-05,-0.002962916512516092,0.003037999078452655,0.17072420711829228,0.9804352549581202,0.5097823725209398,0.5500701059287981,0.6005349481064115,0.0025508054087548387,11.600142469575747,0.5102548811155514,False,False,False
